{"cameraMode":{"drawMode":0,"name":"Shaded","section":"Shading Mode"},"sceneLighting":true,"audioPlay":false,"sceneViewState":{"m_AlwaysRefresh":false,"showFog":true,"showSkybox":true,"showFlares":true,"showImageEffects":true,"showParticleSystems":true,"showVisualEffectGraphs":true,"m_FxEnabled":true},"in2DMode":false,"pivot":{"x":578.3151245117188,"y":121.27085876464844,"z":400.4896240234375},"rotation":{"x":-0.0018821506528183818,"y":0.9875515103340149,"z":-0.15683838725090028,"w":-0.011851189658045769},"size":93.73733520507813,"orthographic":true}